
# /blog/[slug] /blog/[category]/[actual-filename] 301
# ACTUAL broken category pages from analytics
# Add missing redirects that were found
# Add other common missing ones based on your analytics
# Category page redirects
# Check analytics if /blog/free-airdrops is getting traffic
# Common variations
# CORRECT category page structure
# If yes, we need to find what it should redirect to
# Missing redirects found
# Note: 'free-airdrops' doesn't seem to exist as a file
# Redirect /blog/slug to /blog/category/slug
# Top-level redirects
/shop/* https://txchyon-shop.pages.dev/shop/:splat 200
/authors/nefu /authors/galaxy 301
/authors/nefu/ /authors/galaxy 301
/airdrop /blog/airdrop-farming 301
/airdrop /categories/airdrop-farming 301
/airdrop-farming /blog/airdrop-farming 301
/automation /categories/tools-automation 301
/blog/60-minute-crypto-due-diligence /blog/research-analysis/60-minute-crypto-due-diligence 301
/blog/advanced-crypto-estate-planning /blog/portfolio-management/advanced-crypto-estate-planning 301
/blog/advanced-risk-management /blog/portfolio-management/advanced-risk-management 301
/blog/airdrop /blog/airdrop-farming 301
/blog/airdrop /categories/airdrop-farming 301
/blog/airdrop-farming /blog/airdrop-farming 301
/blog/airdrop-farming /categories/airdrop-farming 301
/blog/airdrop-points-case-studies /blog/airdrop-farming/airdrop-points-case-studies 301
/blog/algorithmic-portfolio-rebalancing-for-crypto /blog/portfolio-management/algorithmic-portfolio-rebalancing-for-crypto 301
/blog/alignerz-launchpad /blog/airdrop-farming/alignerz-launchpad 301
/blog/all-about-global-crypto-regulations /blog/regulatory-tax/all-about-global-crypto-regulations 301
/blog/aster-28-percent-yield /blog/trading-investing/aster-28-percent-yield 301
/blog/aster-sub-1-dip /blog/trading-investing/aster-sub-1-dip 301
/blog/aster-vs-drift-vs-hyperliquid /blog/trading-investing/aster-vs-drift-vs-hyperliquid 301
/blog/audit-and-accounting-best-practices-for-crypto-businesses /blog/regulatory-tax/audit-and-accounting-best-practices-for-crypto-businesses 301
/blog/automation /blog/tools-automation 301
/blog/avoiding-red-flags-wallet-hygiene-and-compliance /blog/airdrop-farming/avoiding-red-flags-wallet-hygiene-and-compliance 301
/blog/best-banking-solutions-for-crypto-businesses /blog/regulatory-tax/best-banking-solutions-for-crypto-businesses 301
/blog/best-crypto-alert-tools /blog/tools-automation/best-crypto-alert-tools 301
/blog/best-crypto-analytics-platforms /blog/tools-automation/best-crypto-analytics-platforms 301
/blog/best-crypto-antivirus-and-security-software /blog/security-privacy/best-crypto-antivirus-and-security-software 301
/blog/best-crypto-debit-cards /blog/getting-started/best-crypto-debit-cards 301
/blog/best-crypto-exchanges /blog/getting-started/best-crypto-exchanges 301
/blog/best-crypto-portfolio-trackers /blog/tools-automation/best-crypto-portfolio-trackers 301
/blog/best-crypto-trading-bots /blog/tools-automation/best-crypto-trading-bots 301
/blog/best-crypto-trading-platforms-for-beginners /blog/trading-investing/best-crypto-trading-platforms-for-beginners 301
/blog/best-crypto-wallets-for-beginners /blog/getting-started/best-crypto-wallets-for-beginners 301
/blog/best-hardware-for-bitcoin-nodes-2026 /blog/infrastructure-tech/best-hardware-for-bitcoin-nodes-2026 301
/blog/best-hardware-wallets-for-bitcoin-only-users /blog/security-privacy/best-hardware-wallets-for-bitcoin-only-users 301
/blog/best-hardware-wallets-for-crypto /blog/security-privacy/best-hardware-wallets-for-crypto 301
/blog/best-metal-seed-phrase-backup-plates-reviewed /blog/security-privacy/best-metal-seed-phrase-backup-plates-reviewed 301
/blog/best-privacy-coins-and-anonymity-tools-for-crypto-users /blog/security-privacy/best-privacy-coins-and-anonymity-tools-for-crypto-users 301
/blog/best-solana-trading-bots-for-memecoins-and-sniping /blog/tools-automation/best-solana-trading-bots-for-memecoins-and-sniping 301
/blog/best-vpns-for-crypto-trading-and-privacy /blog/security-privacy/best-vpns-for-crypto-trading-and-privacy 301
/blog/biggest-crypto-mistakes /blog/getting-started/biggest-crypto-mistakes 301
/blog/bitcoin-4-year-cycle-explained-for-beginners /blog/getting-started/bitcoin-4-year-cycle-explained-for-beginners 301
/blog/Bitcoin-orderinals-brc-20-runes-explained-for-beginners /blog/getting-started/Bitcoin-orderinals-brc-20-runes-explained-for-beginners 301
/blog/bitcoin-runes-protocol-explained-for-beginners /blog/getting-started/bitcoin-runes-protocol-explained-for-beginners 301
/blog/bitcoin-vs-ethereum /blog/getting-started/bitcoin-vs-ethereum 301
/blog/cold-storage /blog/security-privacy 301
/blog/cold-vs-hot-wallets-optimizing-security-and-eligibility /blog/airdrop-farming/cold-vs-hot-wallets-optimizing-security-and-eligibility 301
/blog/common-transaction-scams-and-how-to-avoid-them /blog/security-privacy/common-transaction-scams-and-how-to-avoid-them 301
/blog/complete-guide-to-crypto-tax-reporting-and-compliance /blog/regulatory-tax/complete-guide-to-crypto-tax-reporting-and-compliance 301
/blog/comprehensive-guide-to-global-regulations /blog/regulatory-tax/comprehensive-guide-to-global-regulations 301
/blog/crypto-api-intergration-explained /blog/tools-automation/crypto-api-intergration-explained 301
/blog/crypto-automation-scripts-explained /blog/tools-automation/crypto-automation-scripts-explained 301
/blog/crypto-due-diligence-checklist /blog/research-analysis/crypto-due-diligence-checklist 301
/blog/crypto-estate-planning-basics /blog/portfolio-management/crypto-estate-planning-basics 301
/blog/crypto-investing-psychology /blog/getting-started/crypto-investing-psychology 301
/blog/crypto-investment-red-flags /blog/research-analysis/crypto-investment-red-flags 301
/blog/crypto-portfolio-allocation-for-beginners /blog/portfolio-management/crypto-portfolio-allocation-for-beginners 301
/blog/crypto-portfolio-risk-management-explained /blog/portfolio-management/crypto-portfolio-risk-management-explained 301
/blog/crypto-tax-loss-harvesting-explained /blog/portfolio-management/crypto-tax-loss-harvesting-explained 301
/blog/crypto-terminology-glossary /blog/getting-started/crypto-terminology-glossary 301
/blog/dca-vs-lump-sum-investing /blog/trading-investing/dca-vs-lump-sum-investing 301
/blog/defi /blog/defi-yield 301
/blog/defii-and-staking-tax-compliance-for-crypto-investors /blog/regulatory-tax/defii-and-staking-tax-compliance-for-crypto-investors 301
/blog/defi-yield /blog/defi-yield 301
/blog/defi-yield /categories/defi-yield 301
/blog/dollar-cost-averaging-explained /blog/getting-started/dollar-cost-averaging-explained 301
/blog/dynamic-portfolio-allocation-for-crypto /blog/portfolio-management/dynamic-portfolio-allocation-for-crypto 301
/blog/factor-based-allocation-strategies-for-crypto-portfolios /blog/portfolio-management/factor-based-allocation-strategies-for-crypto-portfolios 301
/blog/genlayer /blog/infrastructure-tech/genlayer 301
/blog/getting-started /blog/getting-started 301
/blog/getting-started /categories/getting-started 301
/blog/global-regulatory-updates-for-crypto-businesses /blog/regulatory-tax/global-regulatory-updates-for-crypto-businesses 301
/blog/guides /blog/getting-started 301
/blog/hot-vs-cold-wallet-how-to-store-crypto /blog/security-privacy/hot-vs-cold-wallet-how-to-store-crypto 301
/blog/how-crypto-phishing-attacks-work /blog/security-privacy/how-crypto-phishing-attacks-work 301
/blog/how-projects-detect-sybil-wallets /blog/airdrop-farming/how-projects-detect-sybil-wallets 301
/blog/how-to-audit-smart-contracts-on-evm-and-solana /blog/security-privacy/how-to-audit-smart-contracts-on-evm-and-solana 301
/blog/how-to-bridge-crypto-from-ethereum-to-polygon-arbitrum-bnb-chain-and-hyperliquid /blog/getting-started/how-to-bridge-crypto-from-ethereum-to-polygon-arbitrum-bnb-chain-and-hyperliquid 301
/blog/how-to-buy-bitcoin-for-beginners /blog/getting-started/how-to-buy-bitcoin-for-beginners 301
/blog/how-to-buy-crypto /blog/getting-started/how-to-buy-crypto 301
/blog/how-to-buy-crypto-with-credit-card-paypal /blog/getting-started/how-to-buy-crypto-with-credit-card-paypal 301
/blog/how-to-buy-ethereum-for-beginners /blog/getting-started/how-to-buy-ethereum-for-beginners 301
/blog/how-to-create-and-secure-exchange-api-keys /blog/tools-automation/how-to-create-and-secure-exchange-api-keys 301
/blog/how-to-earn-passive-yield-as-a-liquidity-provider-on-prediction-markets /blog/prediction-markets/how-to-earn-passive-yield-as-a-liquidity-provider-on-prediction-markets 301
/blog/how-to-form-a-legal-entity-for-your-cypto-business /blog/regulatory-tax/how-to-form-a-legal-entity-for-your-cypto-business 301
/blog/how-to-launch-a-memecoin-on-pumpfun /blog/defi-yield/how-to-launch-a-memecoin-on-pumpfun 301
/blog/how-to-rebalance-a-crypto-portfolio /blog/portfolio-management/how-to-rebalance-a-crypto-portfolio 301
/blog/how-to-recover-crypto-from-a-lost-hardware-wallet /blog/security-privacy/how-to-recover-crypto-from-a-lost-hardware-wallet 301
/blog/how-to-revoke /blog/security-privacy/how-to-revoke 301
/blog/how-to-revoke-evm /blog/security-privacy/how-to-revoke-evm 301
/blog/how-to-set-up-a-keystone-hardware-wallet /blog/security-privacy/how-to-set-up-a-keystone-hardware-wallet 301
/blog/how-to-set-up-a-multi-signature-wallet /blog/security-privacy/how-to-set-up-a-multi-signature-wallet 301
/blog/how-to-set-up-a-safepal-s1-hardware-wallet /blog/security-privacy/how-to-set-up-a-safepal-s1-hardware-wallet 301
/blog/how-to-set-up-a-tangem-hardware-wallet /blog/security-privacy/how-to-set-up-a-tangem-hardware-wallet 301
/blog/how-to-set-up-bitcoin-node-on-raspberry-pi /blog/infrastructure-tech/how-to-set-up-bitcoin-node-on-raspberry-pi 301
/blog/how-to-setup-bitocoin-wallet /blog/getting-started/how-to-setup-bitocoin-wallet 301
/blog/how-to-set-up-exodus-wallet /blog/getting-started/how-to-set-up-exodus-wallet 301
/blog/how-to-setup-metamask-wallet /blog/getting-started/how-to-setup-metamask-wallet 301
/blog/how-to-set-up-okx-wallet /blog/getting-started/how-to-set-up-okx-wallet 301
/blog/how-to-setup-phantom-wallet /blog/getting-started/how-to-setup-phantom-wallet 301
/blog/how-to-set-up-rabby-wallet /blog/getting-started/how-to-set-up-rabby-wallet 301
/blog/how-to-set-up-trust-wallet /blog/getting-started/how-to-set-up-trust-wallet 301
/blog/how-to-setup-up-lightning-network-node /blog/infrastructure-tech/how-to-setup-up-lightning-network-node 301
/blog/how-to-set-up-xverse-wallet /blog/getting-started/how-to-set-up-xverse-wallet 301
/blog/how-to-spot-crypto-scams /blog/security-privacy/how-to-spot-crypto-scams 301
/blog/how-to-store-your-seed-phrase-safely /blog/security-privacy/how-to-store-your-seed-phrase-safely 301
/blog/how-to-track-airdrop-points /blog/airdrop-farming/how-to-track-airdrop-points 301
/blog/how-to-track-crypto-portfolio-performance /blog/portfolio-management/how-to-track-crypto-portfolio-performance 301
/blog/how-to-track-crypto-port-performance-advanced /blog/portfolio-management/how-to-track-crypto-port-performance-advanced 301
/blog/how-to-transfer-crypto-from-exchange-to-wallet-safely /blog/getting-started/how-to-transfer-crypto-from-exchange-to-wallet-safely 301
/blog/how-to-use-blockchain-explorers-etherscan-solscan-mempool-exxplained /blog/getting-started/how-to-use-blockchain-explorers-etherscan-solscan-mempool-exxplained 301
/blog/how-to-verifiy-crypto-transactions-before-signing /blog/security-privacy/how-to-verifiy-crypto-transactions-before-signing 301
/blog/idos-identity /blog/infrastructure-tech/idos-identity 301
/blog/infrastructure-tech /blog/infrastructure-tech 301
/blog/infrastructure-tech /categories/infrastructure-tech 301
/blog/international-tax-compliance-for-crypto-investors /blog/regulatory-tax/international-tax-compliance-for-crypto-investors 301
/blog/iopn-solana /blog/infrastructure-tech/iopn-solana 301
/blog/kloutgg-solana-social-infra /blog/infrastructure-tech/kloutgg-solana-social-infra 301
/blog/ledger /blog/security-privacy 301
/blog/ledger-setup /blog/security-privacy/ledger-setup 301
/blog/liquidity-uniswap-guide /blog/defi-yield/liquidity-uniswap-guide 301
/blog/market-cap-weighted-allocation-explained-for-crypto /blog/portfolio-management/market-cap-weighted-allocation-explained-for-crypto 301
/blog/mastering-wallet-diversification-for-airdrop-farming /blog/airdrop-farming/mastering-wallet-diversification-for-airdrop-farming 301
/blog/nordvpn-drift /blog/defi-yield/nordvpn-drift 301
/blog/nordvpn-hype /blog/defi-yield/nordvpn-hype 301
/blog/on-chain-due-diligence-wallet-analysis /blog/research-analysis/on-chain-due-diligence-wallet-analysis 301
/blog/on-chain-security-best-practices /blog/security-privacy/on-chain-security-best-practices 301
/blog/optimizing-airdrop-points-safely /blog/airdrop-farming/optimizing-airdrop-points-safely 301
/blog/portfolio /blog/portfolio-management 301
/blog/portfolio-allocation-for-multi-chain-crypto-investors /blog/portfolio-management/portfolio-allocation-for-multi-chain-crypto-investors 301
/blog/portfolio-management /blog/portfolio-management 301
/blog/portfolio-management /categories/portfolio-management 301
/blog/prediction /blog/prediction-markets 301
/blog/prediction-market /blog/prediction-markets 301
/blog/prediction-market-arbitrage-guide /blog/prediction-markets/prediction-market-arbitrage-guide 301
/blog/prediction-market-risk-management /blog/prediction-markets/prediction-market-risk-management 301
/blog/prediction-markets /categories/prediction-markets 301
/blog/prediction-markets-regulation /blog/prediction-markets/prediction-markets-regulation 301
/blog/preparing-for-the-polymarket-airdrop /blog/airdrop-farming/preparing-for-the-polymarket-airdrop 301
/blog/pump-fun-airdrop-hunt /blog/airdrop-farming/pump-fun-airdrop-hunt 301
/blog/rebalancing-strategies-during-bull-and-bear-crypto-markets /blog/portfolio-management/rebalancing-strategies-during-bull-and-bear-crypto-markets 301
/blog/regulation /blog/regulatory-tax 301
/blog/regulatory-tax /blog/regulatory-tax 301
/blog/regulatory-tax /categories/regulatory-tax 301
/blog/research /blog/research-analysis 301
/blog/research-analysi /blog/research-analysis 301
/blog/research-analysis /categories/research-analysis 301
/blog/security-privacy /blog/security-privacy 301
/blog/security-privacy /categories/security-privacy 301
/blog/setting-up-trezor /blog/security-privacy/setting-up-trezor 301
/blog/solana-airdrops /blog/airdrop-farming/solana-airdrops 301
/blog/stop-metamask-ip-leak-2026 /blog/security-privacy/stop-metamask-ip-leak-2026 301
/blog/tactical-crypto-portfolio-adjustments-for-opportunistic-investors /blog/portfolio-management/tactical-crypto-portfolio-adjustments-for-opportunistic-investors 301
/blog/tangem /blog/security-privacy/tangem 301
/blog/tax /blog/regulatory-tax 301
/blog/tax-efficient-rebalancing-strategies-for-crypto /blog/portfolio-management/tax-efficient-rebalancing-strategies-for-crypto 301
/blog/tech /blog/infrastructure-tech 301
/blog/the-advanced-guide-to-tax-loss-harvesting-for-crypto-investors /blog/portfolio-management/the-advanced-guide-to-tax-loss-harvesting-for-crypto-investors 301
/blog/time-based-vs-threshold-rebalancing-for-crypto-portfolios /blog/portfolio-management/time-based-vs-threshold-rebalancing-for-crypto-portfolios 301
/blog/time-vs-volume-points-systems /blog/airdrop-farming/time-vs-volume-points-systems 301
/blog/tools-automation /blog/tools-automation 301
/blog/tools-automation /categories/tools-automation 301
/blog/top-10-cryptocurrencies-explained-for-beginners /blog/getting-started/top-10-cryptocurrencies-explained-for-beginners 301
/blog/top-10-prediction-market-strategies-that-actually-work /blog/prediction-markets/top-10-prediction-market-strategies-that-actually-work 301
/blog/top-5-crypto-scams /blog/security-privacy/top-5-crypto-scams 301
/blog/top-5-social-engineering-scams-in-crypto-to-avoid /blog/security-privacy/top-5-social-engineering-scams-in-crypto-to-avoid 301
/blog/top-8-dexs-for-lowest-fees /blog/trading-investing/top-8-dexs-for-lowest-fees 301
/blog/top-compliance-tools-for-crypto-businesses /blog/regulatory-tax/top-compliance-tools-for-crypto-businesses 301
/blog/trading /blog/trading-investing 301
/blog/trading-investing /blog/trading-investing 301
/blog/trading-investing /categories/trading-investing 301
/blog/tutorials /blog/getting-started 301
/blog/txchyon-capital-private-research-alpha /blog/research-analysis/txchyon-capital-private-research-alpha 301
/blog/ultimate-crypto-due-diligence-framework /blog/research-analysis/ultimate-crypto-due-diligence-framework 301
/blog/ultimate-dex-comparison-guide /blog/trading-investing/ultimate-dex-comparison-guide 301
/blog/ultimate-guide-to-crypto-regulatory-and-tax-compliance /blog/regulatory-tax/ultimate-guide-to-crypto-regulatory-and-tax-compliance 301
/blog/understanding-legal-structures-for-crypto-companies /blog/regulatory-tax/understanding-legal-structures-for-crypto-companies 301
/blog/volatility-adjusted-portfolio-allocation-in-crypto /blog/portfolio-management/volatility-adjusted-portfolio-allocation-in-crypto 301
/blog/volatility-based-rebalancing-explained-for-crypto-portfolios /blog/portfolio-management/volatility-based-rebalancing-explained-for-crypto-portfolios 301
/blog/vooi-tge-research /blog/defi-yield/vooi-tge-research 301
/blog/wallet /blog/security-privacy 301
/blog/wallet-management-best-practices-for-airdrop-farmers /blog/airdrop-farming/wallet-management-best-practices-for-airdrop-farmers 301
/blog/what-actions-earn-airdrop-points /blog/airdrop-farming/what-actions-earn-airdrop-points 301
/blog/what-are-memecoins /blog/getting-started/what-are-memecoins 301
/blog/what-are-nfts /blog/getting-started/what-are-nfts 301
/blog/what-is-a-bitcoin-node-and-why-you-need-one /blog/infrastructure-tech/what-is-a-bitcoin-node-and-why-you-need-one 301
/blog/what-is-augur /blog/prediction-markets/what-is-augur 301
/blog/what-is-cryptocurrency /blog/getting-started/what-is-cryptocurrency 301
/blog/what-is-defi /blog/trading-investing/what-is-defi 301
/blog/what-is-kalshi /blog/prediction-markets/what-is-kalshi 301
/blog/what-is-polymarket /blog/prediction-markets/what-is-polymarket 301
/blog/what-is-worm-wtf /blog/prediction-markets/what-is-worm-wtf 301
/blog/what-to-do-if-your-seed-phrase-is-compromised /blog/security-privacy/what-to-do-if-your-seed-phrase-is-compromised 301
/blog/why-most-token-launches-fail /blog/defi-yield/why-most-token-launches-fail 301
/blog/worm-wtf-guide /blog/prediction-markets/what-is-worm-wtf 301
/category/airdrop-farming /blog/airdrop-farming 301
/category/defi-yield /blog/defi-yield 301
/category/getting-started /blog/getting-started 301
/category/infrastructure-tech /blog/infrastructure-tech 301
/category/portfolio-management /blog/portfolio-management 301
/category/prediction-market /blog/prediction-markets 301
/category/regulatory-tax /blog/regulatory-tax 301
/category/research-analysi /blog/research-analysis 301
/category/security-privacy /blog/security-privacy 301
/category/tools-automation /blog/tools-automation 301
/category/trading-investing /blog/trading-investing 301
/defi /blog/defi-yield 301
/defi /categories/defi-yield 301
/defi-yield /blog/defi-yield 301
/getting-started /blog/getting-started 301
/guides /blog/getting-started 301
/guides /categories/getting-started 301
/infrastructure-tech /blog/infrastructure-tech 301
/ledger /categories/security-privacy 301
/portfolio /categories/portfolio-management 301
/portfolio-management /blog/portfolio-management 301
/prediction /categories/prediction-markets 301
/prediction-market /blog/prediction-markets 301
/regulation /categories/regulatory-tax 301
/regulatory-tax /blog/regulatory-tax 301
/research /categories/research-analysis 301
/research-analysi /blog/research-analysis 301
/security-privacy /blog/security-privacy 301
/tax /categories/regulatory-tax 301
/tech /categories/infrastructure-tech 301
/tools-automation /blog/tools-automation 301
/trading /categories/trading-investing 301
/trading-investing /blog/trading-investing 301
/tutorials /categories/getting-started 301
/wallet /categories/security-privacy 301

# Missing redirects found during testing
/blog/polymarket /blog/prediction-markets/what-is-polymarket 301
/blog/polymarket/ /blog/prediction-markets/what-is-polymarket 301

/blog/setting-up-ledger /blog/security-privacy/ledger-setup 301
/blog/setting-up-ledger/ /blog/security-privacy/ledger-setup 301

# Also check if these variations exist
/blog/set-up-ledger /blog/security-privacy/ledger-setup 301
/blog/ledger-nano-setup /blog/security-privacy/ledger-setup 301
/blog/ledger-nano /blog/security-privacy/ledger-setup 301


# Category page redirects
/categories/airdrop/ /categories/airdrop-farming 301
/categories/airdrop/* /categories/airdrop-farming/:splat 301


# Redirect long URL to shorter version
/blog/prediction-markets/how-to-earn-passive-income-on-kalshi-liquidity-incentive-program-guide /blog/prediction-markets/how-to-earn-passive-income-on-kalshi-liquidity-incentive-program 301

/blog/prediction-markets/how-to-earn-passive-income-on-kalshi-liquidity-incentive-program-guide/ /blog/prediction-markets/how-to-earn-passive-income-on-kalshi-liquidity-incentive-program 301
